<?xml version="1.0" encoding="UTF-8"?>
<metadata xml:lang="en"><Esri><CreaDate>20190815</CreaDate><CreaTime>11482400</CreaTime><ArcGISFormat>1.0</ArcGISFormat><SyncOnce>TRUE</SyncOnce><DataProperties><itemProps><itemLocation><linkage Sync="TRUE">file://\\EGAWS7179\C$\Users\mu5106sc\Dropbox\STAGS\D1_Database\CAP\Data\NUTS3_processing\NUTS_RG_01M_2013_3035_LEVL_3</linkage><protocol Sync="TRUE">Local Area Network</protocol></itemLocation></itemProps><copyHistory><copy source="C:\Users\mu5106sc\Dropbox\STAGS\D1_Database\CAP\Data\Processed data\NUTS_RG_01M_2013_3035_LEVL_3" dest="\\EGAWS7179\C$\Users\mu5106sc\Dropbox\STAGS\D1_Database\CAP\Data\NUTS3_processing\NUTS_RG_01M_2013_3035_LEVL_3" date="20190815" time="11482400"></copy></copyHistory></DataProperties></Esri></metadata>
