code;old_cat;new_cat;new_cat_art;notes
I.1;Social;Income;Income;
I.2;Social;Income;Income;
I.3;Social;Income;Income;
I.4;Social;Income;Income;
I.5;Social;Income;Income;
I.6;Social;Income;Income;
I.7;Mixed;Income;Income;
II.1;Social;Income;Income;
II.2;Social;Income;Income;
II.3;Social;Income;Income;
II.4;Environmental;Environmental;Environmental;
II.5;Social;Income;Income;ANCs
II.6;Social;Income;Income;Young farmers
II.7;Social;Income;Income;
II.8;Social;Income;Income;
II.9;Social;Income;Income;Small farms
II.10;Social;Income;Income;
III.1;Social;Other;Other;
III.2;Social;Other;Other;
III.3;Social;Other;Other;
III.4;Social;Other;Other;
III.5;Social;Other;Other;
III.6;Social;Other;Other;
III.7;Social;Other;Other;
III.8;Social;Other;Other;
III.9;Social;Other;Other;
III.10;Social;Other;Other;
IV/A.1;Social;Other;Other;
IV/A.2;Mixed;Environmental;Environmental;
IV/A.3;Social;Other;Other;
IV/A.4;Mixed;Environmental;Environmental;
IV/A.5;Environmental;Other;Other;Disaster recovery (ag.)
IV/A.6;Social;Other;Other;
IV/A.7;Mixed;Environmental;Environmental;
IV/A.8;Environmental;Other;Other;Forestry
IV/A.9;Environmental;Other;Other;Forestry
IV/A.10;Environmental;Environmental;Environmental;Agroforestry
IV/A.11;Environmental;Other;Other;Forestry
IV/A.12;Environmental;Environmental;Environmental;
IV/A.13;Social;Other;Other;
IV/A.14;Social;Other;Other;
IV/A.15;Environmental;Environmental;Environmental;
IV/A.16;Environmental;Environmental;Environmental;
IV/A.17;Environmental;Environmental;Environmental;
IV/A.18;Environmental;Other;Other;ANCs
IV/A.19;Environmental;Other;Other;Animal welfare
IV/A.20;Environmental;Environmental;Environmental;
IV/A.21;Mixed;Environmental;Environmental;
IV/A.22;Social;Other;Other;
IV/A.23;Social;Other;Other;
IV/A.24;Social;Other;Other;
IV/A.25;Social;Other;Other;
V/B.1.1;Mixed;Environmental;Environmental;
V/B.1.2.;Social;Other;Other;
V/B.1.3;Social;Other;Other;
V/B.1.4;Mixed;Environmental;Environmental;
V/B.1.5;Social;Other;Other;
V/B.1.6;Mixed;Environmental;Environmental;
V/B.1.7;Social;Other;Other;
V/B.1.8;Social;Other;Other;
V/B.1.9;Social;Other;Other;
V/B.1.10;Environmental;Other;Other;
V/B.1.11;Environmental;Other;Other;
V/B.1.12;Mixed;Environmental;Environmental;
V/B.1.13;Social;Other;Other;
V/B.1.14;Social;Other;Other;
V/B.1.15;Social;Other;Other;
V/B.1.16;Social;Other;Other;
V/B.1.17;Social;Other;Other;
V/B.1.18;Social;Other;Other;
V/B.2.1;Environmental;Environmental;Environmental;ANCs
V/B.2.2;Environmental;Environmental;Environmental;ANCs
V/B.2.3;Environmental;Environmental;Environmental;
V/B.2.4;Environmental;Environmental;Environmental;
V/B.2.5;Environmental;Other;Other;Animal welfare
V/B.2.6;Environmental;Environmental;Environmental;
V/B.2.7;Environmental;Other;Other;Forestry
V/B.2.8;Environmental;Environmental;Environmental;Forestry
V/B.2.9;Environmental;Other;Other;Forestry
V/B.2.10;Environmental;Environmental;Environmental;
V/B.2.11;Environmental;Environmental;Environmental;
V/B.2.12;Environmental;Other;Other;Disaster recovery (for.)
V/B.2.13;Environmental;Environmental;Environmental;
V/B.3.1;Social;Other;Other;
V/B.3.2;Social;Other;Other;
V/B.3.3;Social;Other;Other;
V/B.3.4;Social;Other;Other;
V/B.3.5;Social;Other;Other;
V/B.3.6;Mixed;Environmental;Environmental;
V/B.3.7;Social;Other;Other;
V/B.3.8;Social;Other;Other;
V/B.4.1;Social;Other;Other;
V/B.4.2;Environmental;Environmental;Environmental;
V/B.4.3;Social;Other;Other;
V/B.4.4;Social;Other;Other;
V/B.4.5;Social;Other;Other;
V/B.4.6;Social;Other;Other;
V/B.4.7;Social;Other;Other;
VI/A.1;Social;Other;Other;
VI/B.1;Social;Other;Other;
VI/C.1;Mixed;Other;Other;
VI/D.1;Social;Other;Other;
